graph_id,num_nodes,num_edges,is_shot
0,188320,4,0.0
1,188320,6,1.0
2,188320,7,0.0
3,188320,5,1.0
4,188320,7,0.0
5,188320,6,0.0
6,188320,7,1.0
7,188320,6,0.0
8,188320,6,1.0
9,188320,7,0.0
10,188320,0,0.0
11,188320,0,1.0
12,188320,0,0.0
13,188320,0,0.0
14,188320,5,1.0
15,188320,5,0.0
16,188320,7,1.0
17,188320,6,0.0
18,188320,0,1.0
19,188320,0,1.0
20,188320,0,0.0
21,188320,0,0.0
22,188320,0,1.0
23,188320,7,1.0
24,188320,7,1.0
25,188320,7,0.0
26,188320,7,0.0
27,188320,0,1.0
28,188320,0,1.0
29,188320,0,0.0
30,188320,0,0.0
31,188320,0,0.0
32,188320,0,1.0
33,188320,0,0.0
34,188320,5,0.0
35,188320,6,0.0
36,188320,7,0.0
37,188320,7,0.0
38,188320,7,1.0
39,188320,6,0.0
40,188320,4,0.0
41,188320,6,0.0
42,188320,6,0.0
43,188320,4,1.0
44,188320,7,0.0
45,188320,6,0.0
46,188320,5,0.0
47,188320,5,1.0
48,188320,8,0.0
49,188320,6,1.0
50,188320,6,1.0
51,188320,4,0.0
52,188320,6,0.0
53,188320,6,0.0
54,188320,6,1.0
55,188320,6,0.0
56,188320,7,1.0
57,188320,6,1.0
58,188320,4,1.0
59,188320,5,0.0
60,188320,5,0.0
61,188320,5,0.0
62,188320,5,0.0
63,188320,6,0.0
64,188320,7,1.0
65,188320,6,0.0
66,188320,6,0.0
67,188320,0,0.0
68,188320,0,0.0
69,188320,0,0.0
70,188320,0,1.0
71,188320,0,1.0
72,188320,0,0.0
73,188320,0,0.0
74,188320,6,0.0
75,188320,6,1.0
76,188320,0,0.0
77,188320,7,1.0
78,188320,5,0.0
79,188320,6,0.0
80,188320,6,0.0
81,188320,6,1.0
82,188320,5,1.0
83,188320,0,0.0
84,188320,0,0.0
85,188320,0,0.0
86,188320,0,0.0
87,188320,0,1.0
88,188320,0,0.0
89,188320,0,0.0
90,188320,0,1.0
91,188320,6,1.0
92,188320,6,0.0
93,188320,0,0.0
94,188320,6,1.0
95,188320,5,1.0
96,188320,4,1.0
97,188320,6,1.0
98,188320,0,0.0
99,188320,0,0.0
100,188320,0,0.0
101,188320,0,1.0
102,188320,0,0.0
103,188320,0,0.0
104,188320,0,0.0
105,188320,0,1.0
106,188320,0,1.0
107,188320,0,0.0
108,188320,0,0.0
109,188320,6,0.0
110,188320,4,1.0
111,188320,0,1.0
112,188320,0,1.0
113,188320,0,0.0
114,188320,0,0.0
115,188320,0,0.0
116,188320,0,1.0
117,188320,0,0.0
118,188320,0,0.0
119,188320,0,0.0
120,188320,0,1.0
121,188320,0,0.0
122,188320,0,0.0
123,188320,0,1.0
124,188320,0,0.0
125,188320,0,0.0
126,188320,0,0.0
127,188320,0,0.0
128,188320,5,0.0
129,188320,6,0.0
130,188320,6,0.0
131,188320,5,0.0
132,188320,6,1.0
133,188320,6,0.0
134,188320,6,0.0
135,188320,4,0.0
136,188320,4,0.0
137,188320,4,0.0
138,188320,0,0.0
139,188320,0,0.0
140,188320,0,1.0
141,188320,5,1.0
142,188320,6,0.0
143,188320,7,1.0
144,188320,5,0.0
145,188320,6,1.0
146,188320,7,1.0
147,188320,5,1.0
148,188320,4,1.0
149,188320,5,1.0
150,188320,7,0.0
151,188320,0,0.0
152,188320,0,0.0
153,188320,0,1.0
154,188320,0,0.0
155,188320,7,0.0
156,188320,5,1.0
157,188320,6,0.0
158,188320,7,0.0
159,188320,6,1.0
160,188320,0,0.0
161,188320,0,0.0
162,188320,0,1.0
163,188320,0,0.0
164,188320,0,1.0
165,188320,8,0.0
166,188320,7,0.0
167,188320,6,0.0
168,188320,6,0.0
169,188320,5,1.0
170,188320,7,0.0
171,188320,0,1.0
172,188320,0,0.0
173,188320,0,0.0
174,188320,5,1.0
175,188320,6,0.0
176,188320,5,0.0
177,188320,6,1.0
178,188320,0,0.0
179,188320,0,1.0
180,188320,0,0.0
181,188320,0,0.0
182,188320,0,0.0
183,188320,0,1.0
184,188320,0,0.0
185,188320,0,0.0
186,188320,0,0.0
187,188320,0,1.0
188,188320,0,0.0
189,188320,0,1.0
190,188320,0,0.0
191,188320,7,1.0
192,188320,6,0.0
193,188320,5,0.0
194,188320,0,0.0
195,188320,0,0.0
196,188320,0,0.0
197,188320,0,1.0
198,188320,0,0.0
199,188320,6,1.0
200,188320,6,0.0
201,188320,4,0.0
202,188320,0,1.0
203,188320,0,0.0
204,188320,0,0.0
205,188320,0,1.0
206,188320,7,1.0
207,188320,5,1.0
208,188320,5,1.0
209,188320,5,0.0
210,188320,5,0.0
211,188320,7,1.0
212,188320,6,1.0
213,188320,5,1.0
214,188320,5,0.0
215,188320,6,1.0
216,188320,4,0.0
217,188320,6,0.0
218,188320,5,1.0
219,188320,7,1.0
220,188320,0,0.0
221,188320,0,0.0
222,188320,0,1.0
223,188320,0,1.0
224,188320,0,1.0
225,188320,0,1.0
226,188320,6,0.0
227,188320,7,0.0
228,188320,6,0.0
229,188320,6,0.0
230,188320,5,1.0
231,188320,5,0.0
232,188320,4,0.0
233,188320,6,1.0
234,188320,6,1.0
235,188320,5,1.0
236,188320,7,0.0
237,188320,7,1.0
238,188320,6,0.0
239,188320,7,0.0
240,188320,0,0.0
241,188320,0,1.0
242,188320,0,0.0
243,188320,0,1.0
244,188320,0,1.0
245,188320,0,0.0
246,188320,0,1.0
247,188320,0,1.0
248,188320,0,0.0
249,188320,0,0.0
250,188320,0,0.0
251,188320,0,0.0
252,188320,0,1.0
253,188320,0,0.0
254,188320,7,1.0
255,188320,7,1.0
256,188320,7,0.0
257,188320,6,1.0
258,188320,5,0.0
259,188320,6,0.0
260,188320,7,0.0
261,188320,6,1.0
262,188320,5,0.0
263,188320,6,1.0
264,188320,7,0.0
265,188320,6,0.0
266,188320,5,0.0
267,188320,6,0.0
268,188320,6,0.0
269,188320,6,1.0
270,188320,5,0.0
271,188320,6,0.0
272,188320,6,0.0
273,188320,6,1.0
274,188320,6,0.0
275,188320,5,1.0
276,188320,6,1.0
277,188320,0,1.0
278,188320,0,0.0
279,188320,0,0.0
280,188320,7,1.0
281,188320,7,0.0
282,188320,7,0.0
283,188320,7,1.0
284,188320,8,1.0
285,188320,5,1.0
286,188320,8,1.0
287,188320,5,1.0
288,188320,0,1.0
289,188320,0,0.0
290,188320,0,1.0
291,188320,0,1.0
292,188320,0,0.0
293,188320,0,1.0
294,188320,5,1.0
295,188320,5,1.0
296,188320,4,0.0
297,188320,6,0.0
298,188320,7,0.0
299,188320,0,0.0
300,188320,0,1.0
301,188320,0,1.0
302,188320,0,1.0
303,188320,0,0.0
304,188320,0,1.0
305,188320,0,0.0
306,188320,0,0.0
307,188320,0,0.0
308,188320,0,1.0
309,188320,0,1.0
310,188320,0,0.0
311,188320,0,0.0
312,188320,6,0.0
313,188320,6,1.0
314,188320,5,1.0
315,188320,5,1.0
316,188320,0,0.0
317,188320,6,0.0
318,188320,6,0.0
319,188320,7,1.0
320,188320,4,1.0
321,188320,5,0.0
322,188320,7,0.0
323,188320,7,0.0
324,188320,0,1.0
325,188320,0,0.0
326,188320,0,0.0
327,188320,0,1.0
328,188320,0,0.0
329,188320,0,0.0
330,188320,0,0.0
331,188320,0,1.0
332,188320,0,1.0
333,188320,5,0.0
334,188320,7,0.0
335,188320,6,0.0
336,188320,6,0.0
337,188320,0,1.0
338,188320,0,1.0
339,188320,0,1.0
340,188320,0,0.0
341,188320,0,0.0
342,188320,0,0.0
343,188320,0,0.0
344,188320,6,0.0
345,188320,5,0.0
346,188320,7,0.0
347,188320,6,0.0
348,188320,5,1.0
349,188320,0,1.0
350,188320,6,0.0
351,188320,7,0.0
352,188320,7,1.0
353,188320,5,0.0
354,188320,0,1.0
355,188320,0,0.0
356,188320,0,1.0
357,188320,0,0.0
358,188320,0,0.0
359,188320,0,1.0
360,188320,0,0.0
361,188320,0,1.0
362,188320,0,0.0
363,188320,0,0.0
364,188320,5,1.0
365,188320,7,1.0
366,188320,6,0.0
367,188320,5,1.0
368,188320,0,1.0
369,188320,0,0.0
370,188320,0,1.0
371,188320,0,0.0
372,188320,0,0.0
373,188320,7,0.0
374,188320,0,0.0
375,188320,0,1.0
376,188320,0,1.0
377,188320,0,0.0
378,188320,5,1.0
379,188320,0,0.0
380,188320,0,0.0
381,188320,0,0.0
382,188320,0,0.0
383,188320,0,0.0
384,188320,0,1.0
385,188320,0,0.0
386,188320,0,0.0
387,188320,0,1.0
388,188320,0,0.0
389,188320,0,1.0
390,188320,0,0.0
391,188320,6,1.0
392,188320,6,1.0
393,188320,4,0.0
394,188320,4,0.0
395,188320,0,0.0
396,188320,0,1.0
397,188320,0,1.0
398,188320,0,0.0
399,188320,7,0.0
400,188320,6,0.0
401,188320,8,0.0
402,188320,5,1.0
403,188320,4,1.0
404,188320,7,0.0
405,188320,8,1.0
406,188320,0,0.0
407,188320,0,0.0
408,188320,0,0.0
409,188320,7,0.0
410,188320,0,1.0
411,188320,0,1.0
412,188320,0,0.0
413,188320,0,1.0
414,188320,0,1.0
415,188320,0,1.0
416,188320,0,0.0
417,188320,4,0.0
418,188320,6,1.0
419,188320,6,0.0
420,188320,5,1.0
421,188320,8,1.0
422,188320,7,0.0
423,188320,6,0.0
424,188320,7,0.0
425,188320,6,1.0
426,188320,4,1.0
427,188320,7,0.0
428,188320,6,0.0
429,188320,7,1.0
430,188320,6,0.0
431,188320,0,1.0
432,188320,0,0.0
433,188320,0,0.0
434,188320,0,1.0
435,188320,0,0.0
436,188320,0,1.0
437,188320,0,0.0
438,188320,5,1.0
439,188320,6,0.0
440,188320,0,1.0
441,188320,0,0.0
442,188320,0,1.0
443,188320,0,0.0
444,188320,6,0.0
445,188320,7,0.0
446,188320,6,0.0
447,188320,7,0.0
448,188320,0,0.0
449,188320,0,0.0
450,188320,0,1.0
451,188320,5,1.0
452,188320,0,1.0
453,188320,0,1.0
454,188320,0,1.0
455,188320,5,0.0
456,188320,8,0.0
457,188320,5,1.0
458,188320,6,0.0
459,188320,6,0.0
460,188320,7,1.0
461,188320,0,0.0
462,188320,0,1.0
463,188320,7,0.0
464,188320,5,0.0
465,188320,6,0.0
466,188320,0,1.0
467,188320,0,0.0
468,188320,0,0.0
469,188320,0,0.0
470,188320,0,1.0
471,188320,0,0.0
472,188320,0,1.0
473,188320,0,1.0
474,188320,0,0.0
475,188320,7,0.0
476,188320,6,1.0
477,188320,6,1.0
478,188320,6,1.0
479,188320,8,0.0
480,188320,0,1.0
481,188320,0,0.0
482,188320,6,0.0
483,188320,5,0.0
484,188320,4,1.0
485,188320,0,0.0
486,188320,0,0.0
487,188320,6,0.0
488,188320,6,0.0
489,188320,5,0.0
490,188320,7,1.0
491,188320,4,1.0
492,188320,0,0.0
493,188320,0,0.0
494,188320,0,0.0
495,188320,0,0.0
496,188320,0,0.0
497,188320,5,0.0
498,188320,5,0.0
499,188320,3,1.0
500,188320,6,0.0
501,188320,7,1.0
502,188320,6,0.0
503,188320,4,1.0
504,188320,0,0.0
505,188320,0,0.0
506,188320,0,1.0
507,188320,0,0.0
508,188320,0,1.0
509,188320,0,0.0
510,188320,0,0.0
511,188320,0,1.0
512,188320,0,0.0
513,188320,4,0.0
514,188320,4,0.0
515,188320,5,0.0
516,188320,3,0.0
517,188320,3,0.0
518,188320,5,1.0
519,188320,7,0.0
520,188320,5,0.0
521,188320,6,1.0
522,188320,5,0.0
523,188320,5,1.0
524,188320,4,0.0
525,188320,7,1.0
526,188320,7,1.0
527,188320,4,1.0
528,188320,6,0.0
529,188320,7,0.0
530,188320,6,0.0
531,188320,0,1.0
532,188320,0,0.0
533,188320,0,1.0
534,188320,0,1.0
535,188320,0,1.0
536,188320,0,1.0
537,188320,0,1.0
538,188320,0,1.0
539,188320,0,0.0
540,188320,0,1.0
541,188320,5,0.0
542,188320,6,0.0
543,188320,7,0.0
544,188320,6,0.0
545,188320,6,0.0
546,188320,6,0.0
547,188320,6,0.0
548,188320,5,0.0
549,188320,5,1.0
550,188320,7,0.0
551,188320,5,0.0
552,188320,0,0.0
553,188320,0,0.0
554,188320,0,1.0
555,188320,0,1.0
556,188320,0,1.0
557,188320,0,1.0
558,188320,0,1.0
559,188320,0,1.0
560,188320,0,1.0
561,188320,0,0.0
562,188320,8,0.0
563,188320,8,1.0
564,188320,6,1.0
565,188320,7,1.0
566,188320,6,0.0
567,188320,6,0.0
568,188320,4,0.0
569,188320,0,0.0
570,188320,0,1.0
571,188320,0,0.0
572,188320,0,0.0
573,188320,0,0.0
574,188320,0,0.0
575,188320,0,1.0
576,188320,0,0.0
577,188320,0,1.0
578,188320,5,1.0
579,188320,4,0.0
580,188320,4,0.0
581,188320,6,0.0
582,188320,5,0.0
583,188320,7,0.0
584,188320,7,1.0
585,188320,7,0.0
586,188320,7,0.0
587,188320,8,1.0
588,188320,7,0.0
589,188320,6,0.0
590,188320,6,0.0
591,188320,8,0.0
592,188320,5,0.0
593,188320,5,1.0
594,188320,5,0.0
595,188320,6,0.0
596,188320,4,0.0
597,188320,5,1.0
598,188320,0,1.0
599,188320,0,1.0
600,188320,0,0.0
601,188320,0,1.0
602,188320,0,1.0
603,188320,0,1.0
604,188320,6,1.0
605,188320,7,1.0
606,188320,7,0.0
607,188320,6,1.0
608,188320,7,1.0
609,188320,0,0.0
610,188320,0,0.0
611,188320,7,1.0
612,188320,6,1.0
613,188320,6,0.0
614,188320,6,1.0
615,188320,5,0.0
616,188320,0,1.0
617,188320,6,1.0
618,188320,4,1.0
619,188320,6,1.0
620,188320,7,0.0
621,188320,0,1.0
622,188320,0,1.0
623,188320,6,0.0
624,188320,5,0.0
625,188320,6,1.0
626,188320,5,0.0
627,188320,6,1.0
628,188320,6,0.0
629,188320,6,1.0
630,188320,6,0.0
631,188320,7,0.0
632,188320,6,0.0
633,188320,7,1.0
634,188320,6,0.0
635,188320,0,0.0
636,188320,0,0.0
637,188320,7,1.0
638,188320,0,0.0
639,188320,0,0.0
640,188320,0,0.0
641,188320,0,0.0
642,188320,0,0.0
643,188320,6,1.0
644,188320,6,1.0
645,188320,6,0.0
646,188320,0,0.0
647,188320,7,0.0
648,188320,7,0.0
649,188320,0,0.0
650,188320,0,0.0
651,188320,0,1.0
652,188320,0,0.0
653,188320,0,1.0
654,188320,5,1.0
655,188320,6,1.0
656,188320,6,0.0
657,188320,6,0.0
658,188320,6,0.0
659,188320,0,1.0
660,188320,0,0.0
661,188320,0,0.0
662,188320,0,0.0
663,188320,0,1.0
664,188320,0,0.0
665,188320,7,0.0
666,188320,5,1.0
667,188320,5,0.0
668,188320,7,0.0
669,188320,7,0.0
670,188320,7,1.0
671,188320,0,0.0
672,188320,0,1.0
673,188320,0,0.0
674,188320,0,0.0
675,188320,0,1.0
676,188320,0,0.0
677,188320,0,1.0
678,188320,0,1.0
679,188320,0,0.0
680,188320,0,0.0
681,188320,5,1.0
682,188320,0,1.0
683,188320,0,1.0
684,188320,0,1.0
685,188320,0,1.0
686,188320,0,1.0
687,188320,0,0.0
688,188320,0,1.0
689,188320,0,1.0
690,188320,0,0.0
691,188320,7,0.0
692,188320,7,1.0
693,188320,0,0.0
694,188320,0,1.0
695,188320,0,1.0
696,188320,0,0.0
697,188320,0,1.0
698,188320,0,0.0
699,188320,7,1.0
700,188320,5,0.0
701,188320,5,1.0
702,188320,7,0.0
703,188320,7,0.0
704,188320,0,0.0
705,188320,0,0.0
706,188320,0,0.0
707,188320,0,0.0
708,188320,0,0.0
709,188320,0,1.0
710,188320,7,1.0
711,188320,6,0.0
712,188320,7,0.0
713,188320,7,0.0
714,188320,6,0.0
715,188320,6,0.0
716,188320,7,1.0
717,188320,5,0.0
718,188320,7,0.0
719,188320,6,1.0
720,188320,6,0.0
721,188320,6,1.0
722,188320,6,1.0
723,188320,0,0.0
724,188320,0,0.0
725,188320,0,1.0
726,188320,0,0.0
727,188320,0,0.0
728,188320,5,1.0
729,188320,5,0.0
730,188320,0,0.0
731,188320,0,0.0
732,188320,0,0.0
733,188320,6,0.0
734,188320,5,0.0
735,188320,6,1.0
736,188320,0,1.0
737,188320,7,0.0
738,188320,7,0.0
739,188320,8,0.0
740,188320,0,1.0
741,188320,0,0.0
742,188320,0,1.0
743,188320,0,0.0
744,188320,0,1.0
745,188320,0,1.0
746,188320,0,0.0
747,188320,0,1.0
748,188320,4,0.0
749,188320,0,0.0
750,188320,0,0.0
751,188320,5,0.0
752,188320,4,1.0
753,188320,5,1.0
754,188320,6,0.0
755,188320,7,0.0
756,188320,4,0.0
757,188320,7,1.0
758,188320,7,0.0
759,188320,5,0.0
760,188320,0,1.0
761,188320,0,1.0
762,188320,0,1.0
763,188320,0,0.0
764,188320,5,0.0
765,188320,0,0.0
766,188320,0,1.0
767,188320,0,0.0
768,188320,0,0.0
769,188320,0,0.0
770,188320,0,0.0
771,188320,0,0.0
772,188320,8,0.0
773,188320,7,1.0
774,188320,6,0.0
775,188320,0,1.0
776,188320,0,0.0
777,188320,0,0.0
778,188320,0,1.0
779,188320,0,0.0
780,188320,7,0.0
781,188320,5,1.0
782,188320,6,0.0
783,188320,5,0.0
784,188320,5,1.0
785,188320,0,0.0
786,188320,0,0.0
787,188320,0,0.0
788,188320,0,1.0
789,188320,0,0.0
790,188320,3,0.0
791,188320,2,0.0
792,188320,6,0.0
793,188320,4,1.0
794,188320,0,1.0
795,188320,4,1.0
796,188320,6,1.0
797,188320,6,1.0
798,188320,4,0.0
799,188320,5,0.0
800,188320,4,1.0
801,188320,7,1.0
802,188320,6,0.0
803,188320,6,1.0
804,188320,5,1.0
805,188320,5,1.0
806,188320,5,0.0
807,188320,0,1.0
808,188320,0,0.0
809,188320,0,0.0
810,188320,5,0.0
811,188320,5,0.0
812,188320,5,1.0
813,188320,5,0.0
814,188320,5,1.0
815,188320,5,0.0
816,188320,6,0.0
817,188320,5,0.0
818,188320,6,0.0
819,188320,6,0.0
820,188320,6,0.0
821,188320,0,1.0
822,188320,0,1.0
823,188320,0,1.0
824,188320,7,0.0
825,188320,7,1.0
826,188320,5,0.0
827,188320,5,1.0
828,188320,6,1.0
829,188320,6,0.0
830,188320,6,0.0
831,188320,6,0.0
832,188320,8,0.0
833,188320,6,1.0
834,188320,7,0.0
835,188320,8,1.0
836,188320,0,1.0
837,188320,0,1.0
838,188320,0,0.0
839,188320,0,0.0
840,188320,0,1.0
841,188320,0,1.0
842,188320,0,1.0
843,188320,6,1.0
844,188320,4,0.0
845,188320,6,0.0
846,188320,5,0.0
847,188320,6,1.0
848,188320,5,0.0
849,188320,5,1.0
850,188320,5,1.0
851,188320,4,1.0
852,188320,3,0.0
853,188320,0,0.0
854,188320,0,1.0
855,188320,0,1.0
856,188320,0,1.0
857,188320,4,0.0
858,188320,7,0.0
859,188320,0,0.0
860,188320,0,0.0
861,188320,0,0.0
862,188320,7,0.0
863,188320,6,0.0
864,188320,6,0.0
865,188320,5,0.0
866,188320,5,1.0
867,188320,4,1.0
868,188320,4,0.0
869,188320,6,0.0
870,188320,5,0.0
871,188320,4,0.0
872,188320,0,0.0
873,188320,0,1.0
874,188320,0,1.0
875,188320,0,1.0
876,188320,0,1.0
877,188320,0,1.0
878,188320,0,0.0
879,188320,0,1.0
880,188320,6,0.0
881,188320,6,0.0
882,188320,7,0.0
883,188320,5,0.0
884,188320,7,1.0
885,188320,0,0.0
886,188320,0,1.0
887,188320,0,0.0
888,188320,0,1.0
889,188320,0,1.0
890,188320,0,1.0
891,188320,0,1.0
892,188320,4,1.0
893,188320,7,1.0
894,188320,6,1.0
895,188320,7,0.0
896,188320,4,1.0
897,188320,3,0.0
898,188320,7,0.0
899,188320,5,1.0
900,188320,6,1.0
901,188320,0,1.0
902,188320,0,1.0
903,188320,0,0.0
904,188320,0,0.0
905,188320,5,1.0
906,188320,6,1.0
907,188320,0,0.0
908,188320,0,0.0
909,188320,0,0.0
910,188320,0,1.0
911,188320,0,0.0
912,188320,4,1.0
913,188320,6,1.0
914,188320,5,1.0
915,188320,0,0.0
916,188320,0,1.0
917,188320,0,0.0
918,188320,0,0.0
919,188320,6,1.0
920,188320,5,0.0
921,188320,0,0.0
922,188320,5,1.0
923,188320,6,1.0
924,188320,0,0.0
925,188320,4,1.0
926,188320,7,1.0
927,188320,0,1.0
928,188320,0,0.0
929,188320,0,0.0
930,188320,0,1.0
931,188320,0,1.0
932,188320,0,0.0
933,188320,0,1.0
934,188320,0,0.0
935,188320,0,0.0
936,188320,0,0.0
937,188320,0,0.0
938,188320,0,0.0
939,188320,0,0.0
940,188320,0,1.0
941,188320,5,0.0
942,188320,0,1.0
943,188320,0,0.0
944,188320,0,1.0
945,188320,4,1.0
946,188320,4,1.0
947,188320,6,1.0
948,188320,5,0.0
949,188320,0,1.0
950,188320,0,0.0
951,188320,0,1.0
952,188320,0,1.0
953,188320,0,1.0
954,188320,6,0.0
955,188320,7,1.0
956,188320,5,0.0
957,188320,6,0.0
958,188320,5,0.0
959,188320,0,0.0
960,188320,0,0.0
961,188320,0,1.0
962,188320,0,1.0
963,188320,0,1.0
964,188320,7,1.0
965,188320,6,0.0
966,188320,6,0.0
967,188320,6,0.0
968,188320,5,1.0
969,188320,6,0.0
970,188320,4,0.0
971,188320,4,0.0
972,188320,6,0.0
973,188320,7,0.0
974,188320,6,0.0
975,188320,7,1.0
976,188320,0,0.0
977,188320,6,0.0
978,188320,4,1.0
979,188320,6,0.0
980,188320,6,0.0
981,188320,5,0.0
982,188320,6,1.0
983,188320,5,1.0
984,188320,7,0.0
985,188320,7,1.0
986,188320,6,0.0
987,188320,6,0.0
988,188320,7,1.0
989,188320,5,0.0
990,188320,6,0.0
991,188320,6,0.0
992,188320,7,0.0
993,188320,6,1.0
994,188320,6,1.0
995,188320,6,0.0
996,188320,6,0.0
997,188320,0,0.0
998,188320,0,1.0
999,188320,0,1.0
1000,188320,0,1.0
1001,188320,0,0.0
1002,188320,0,1.0
1003,188320,0,0.0
1004,188320,0,1.0
1005,188320,0,0.0
1006,188320,5,1.0
1007,188320,6,0.0
1008,188320,6,0.0
1009,188320,4,0.0
1010,188320,6,1.0
1011,188320,0,0.0
1012,188320,0,1.0
1013,188320,0,0.0
1014,188320,0,1.0
1015,188320,0,0.0
1016,188320,0,1.0
1017,188320,0,0.0
1018,188320,6,0.0
1019,188320,7,1.0
1020,188320,6,0.0
1021,188320,6,1.0
1022,188320,7,0.0
1023,188320,5,1.0
1024,188320,7,0.0
1025,188320,0,1.0
1026,188320,0,1.0
1027,188320,0,0.0
1028,188320,0,0.0
1029,188320,7,0.0
1030,188320,5,0.0
1031,188320,7,0.0
1032,188320,7,0.0
1033,188320,5,1.0
1034,188320,0,1.0
1035,188320,0,0.0
1036,188320,0,1.0
1037,188320,0,0.0
1038,188320,0,0.0
1039,188320,0,0.0
1040,188320,6,0.0
1041,188320,6,0.0
1042,188320,6,0.0
1043,188320,6,0.0
1044,188320,6,0.0
1045,188320,0,1.0
1046,188320,0,1.0
1047,188320,0,0.0
1048,188320,0,0.0
1049,188320,0,0.0
1050,188320,0,1.0
1051,188320,0,0.0
1052,188320,0,1.0
1053,188320,0,0.0
1054,188320,6,0.0
1055,188320,6,0.0
1056,188320,6,0.0
1057,188320,0,1.0
1058,188320,0,1.0
1059,188320,0,1.0
1060,188320,7,0.0
1061,188320,0,0.0
1062,188320,0,1.0
1063,188320,0,1.0
1064,188320,0,1.0
1065,188320,0,0.0
1066,188320,0,1.0
1067,188320,0,0.0
1068,188320,0,1.0
1069,188320,0,1.0
1070,188320,3,1.0
1071,188320,4,0.0
1072,188320,6,0.0
1073,188320,6,0.0
1074,188320,0,1.0
1075,188320,0,0.0
1076,188320,0,0.0
1077,188320,0,1.0
1078,188320,7,0.0
1079,188320,6,0.0
1080,188320,7,0.0
1081,188320,7,0.0
1082,188320,6,1.0
1083,188320,5,0.0
1084,188320,7,1.0
1085,188320,0,0.0
1086,188320,0,0.0
1087,188320,5,0.0
1088,188320,4,0.0
1089,188320,6,0.0
1090,188320,2,1.0
1091,188320,5,1.0
1092,188320,5,0.0
1093,188320,7,0.0
1094,188320,6,1.0
1095,188320,0,0.0
1096,188320,6,0.0
1097,188320,5,1.0
1098,188320,7,0.0
1099,188320,0,1.0
1100,188320,0,0.0
1101,188320,0,0.0
1102,188320,0,0.0
1103,188320,0,0.0
1104,188320,6,0.0
1105,188320,6,0.0
1106,188320,0,1.0
1107,188320,0,0.0
1108,188320,0,0.0
1109,188320,0,0.0
1110,188320,0,0.0
1111,188320,6,0.0
1112,188320,6,0.0
1113,188320,6,0.0
1114,188320,7,0.0
1115,188320,6,0.0
1116,188320,0,0.0
1117,188320,0,1.0
1118,188320,0,0.0
1119,188320,0,0.0
1120,188320,0,0.0
1121,188320,0,0.0
1122,188320,0,1.0
1123,188320,5,1.0
1124,188320,6,0.0
1125,188320,0,1.0
1126,188320,0,0.0
1127,188320,0,0.0
1128,188320,0,0.0
1129,188320,6,1.0
1130,188320,7,0.0
1131,188320,6,0.0
1132,188320,5,0.0
1133,188320,8,0.0
1134,188320,6,1.0
1135,188320,5,1.0
1136,188320,5,1.0
1137,188320,0,0.0
1138,188320,0,1.0
1139,188320,5,0.0
1140,188320,5,0.0
1141,188320,4,1.0
1142,188320,6,1.0
1143,188320,5,0.0
1144,188320,6,1.0
1145,188320,6,1.0
1146,188320,6,1.0
1147,188320,0,0.0
1148,188320,0,0.0
1149,188320,0,0.0
1150,188320,0,0.0
1151,188320,0,1.0
1152,188320,0,0.0
1153,188320,0,1.0
1154,188320,0,1.0
1155,188320,0,1.0
1156,188320,6,1.0
1157,188320,6,0.0
1158,188320,7,1.0
1159,188320,6,0.0
1160,188320,8,0.0
1161,188320,6,0.0
1162,188320,7,0.0
1163,188320,5,0.0
1164,188320,5,0.0
1165,188320,5,0.0
1166,188320,4,1.0
1167,188320,4,0.0
1168,188320,6,0.0
1169,188320,6,0.0
1170,188320,5,1.0
1171,188320,5,0.0
1172,188320,0,1.0
1173,188320,0,1.0
1174,188320,0,0.0
1175,188320,5,1.0
1176,188320,5,1.0
1177,188320,6,0.0
1178,188320,5,1.0
1179,188320,7,0.0
1180,188320,6,0.0
1181,188320,6,0.0
1182,188320,0,0.0
1183,188320,0,0.0
1184,188320,0,0.0
1185,188320,0,1.0
1186,188320,0,0.0
1187,188320,7,1.0
1188,188320,6,0.0
1189,188320,0,1.0
1190,188320,0,0.0
1191,188320,0,0.0
1192,188320,0,0.0
1193,188320,0,0.0
1194,188320,0,0.0
1195,188320,0,0.0
1196,188320,0,0.0
1197,188320,0,0.0
1198,188320,0,1.0
1199,188320,5,0.0
1200,188320,4,1.0
1201,188320,6,1.0
1202,188320,6,1.0
1203,188320,6,1.0
1204,188320,4,1.0
1205,188320,5,1.0
1206,188320,5,0.0
1207,188320,6,0.0
1208,188320,7,1.0
1209,188320,6,1.0
1210,188320,6,1.0
1211,188320,7,0.0
1212,188320,5,0.0
1213,188320,4,1.0
1214,188320,7,1.0
1215,188320,6,1.0
1216,188320,4,1.0
1217,188320,0,1.0
1218,188320,6,0.0
1219,188320,7,0.0
1220,188320,0,1.0
1221,188320,0,0.0
1222,188320,0,1.0
1223,188320,0,0.0
1224,188320,0,1.0
1225,188320,0,1.0
1226,188320,6,1.0
1227,188320,0,0.0
1228,188320,0,1.0
1229,188320,0,1.0
1230,188320,0,0.0
1231,188320,0,1.0
1232,188320,0,0.0
1233,188320,0,0.0
1234,188320,0,0.0
1235,188320,0,0.0
1236,188320,0,1.0
1237,188320,6,0.0
1238,188320,6,1.0
1239,188320,7,0.0
1240,188320,6,0.0
1241,188320,7,0.0
1242,188320,7,0.0
1243,188320,5,0.0
1244,188320,0,0.0
1245,188320,7,0.0
1246,188320,7,1.0
1247,188320,6,0.0
1248,188320,6,0.0
1249,188320,7,1.0
1250,188320,0,0.0
1251,188320,0,1.0
1252,188320,0,1.0
1253,188320,0,0.0
1254,188320,0,0.0
1255,188320,0,0.0
1256,188320,6,1.0
1257,188320,5,1.0
1258,188320,6,0.0
1259,188320,4,1.0
1260,188320,6,0.0
1261,188320,7,1.0
1262,188320,7,0.0
1263,188320,8,0.0
1264,188320,7,0.0
1265,188320,7,0.0
1266,188320,6,0.0
1267,188320,5,0.0
1268,188320,6,0.0
1269,188320,5,0.0
1270,188320,6,0.0
1271,188320,7,1.0
1272,188320,6,1.0
1273,188320,8,1.0
1274,188320,7,0.0
1275,188320,6,0.0
1276,188320,0,1.0
1277,188320,0,1.0
1278,188320,0,0.0
1279,188320,0,0.0
1280,188320,4,0.0
1281,188320,3,1.0
1282,188320,0,1.0
1283,188320,7,0.0
1284,188320,5,1.0
1285,188320,6,1.0
1286,188320,6,0.0
1287,188320,5,0.0
1288,188320,6,0.0
1289,188320,0,0.0
1290,188320,0,0.0
1291,188320,0,1.0
1292,188320,0,1.0
1293,188320,0,0.0
1294,188320,0,0.0
1295,188320,0,1.0
1296,188320,6,0.0
1297,188320,5,1.0
1298,188320,7,0.0
1299,188320,5,1.0
1300,188320,6,1.0
1301,188320,5,1.0
1302,188320,6,1.0
1303,188320,6,1.0
1304,188320,6,0.0
1305,188320,6,0.0
1306,188320,6,1.0
1307,188320,0,1.0
1308,188320,7,0.0
1309,188320,4,1.0
1310,188320,6,0.0
1311,188320,6,0.0
1312,188320,0,0.0
1313,188320,6,0.0
1314,188320,6,0.0
1315,188320,6,0.0
1316,188320,6,1.0
1317,188320,6,0.0
1318,188320,6,0.0
1319,188320,6,0.0
1320,188320,4,0.0
1321,188320,0,0.0
1322,188320,0,1.0
1323,188320,0,0.0
1324,188320,0,0.0
1325,188320,6,0.0
1326,188320,4,1.0
1327,188320,0,1.0
1328,188320,0,1.0
1329,188320,0,0.0
1330,188320,0,0.0
1331,188320,0,1.0
1332,188320,0,1.0
1333,188320,5,0.0
1334,188320,5,1.0
1335,188320,7,1.0
1336,188320,6,0.0
1337,188320,6,1.0
1338,188320,5,0.0
1339,188320,8,0.0
1340,188320,5,0.0
1341,188320,0,0.0
1342,188320,0,1.0
1343,188320,0,1.0
1344,188320,0,1.0
1345,188320,0,0.0
1346,188320,5,1.0
1347,188320,5,1.0
1348,188320,5,0.0
1349,188320,4,0.0
1350,188320,7,0.0
1351,188320,7,1.0
1352,188320,0,0.0
1353,188320,0,0.0
1354,188320,0,0.0
1355,188320,0,1.0
1356,188320,0,0.0
1357,188320,0,0.0
1358,188320,0,1.0
1359,188320,0,1.0
1360,188320,0,0.0
1361,188320,0,0.0
1362,188320,0,1.0
1363,188320,0,1.0
1364,188320,0,0.0
1365,188320,0,0.0
1366,188320,0,0.0
1367,188320,6,1.0
1368,188320,4,1.0
1369,188320,5,1.0
1370,188320,7,1.0
1371,188320,5,0.0
1372,188320,5,0.0
1373,188320,7,0.0
1374,188320,5,0.0
1375,188320,5,0.0
1376,188320,5,0.0
1377,188320,6,0.0
1378,188320,5,0.0
1379,188320,5,1.0
1380,188320,4,1.0
1381,188320,5,0.0
1382,188320,5,0.0
1383,188320,6,0.0
1384,188320,6,1.0
1385,188320,0,0.0
1386,188320,0,0.0
1387,188320,0,0.0
1388,188320,0,1.0
1389,188320,6,0.0
1390,188320,7,0.0
1391,188320,5,1.0
1392,188320,6,0.0
1393,188320,6,0.0
1394,188320,6,0.0
1395,188320,4,1.0
1396,188320,5,0.0
1397,188320,6,1.0
1398,188320,6,0.0
1399,188320,0,1.0
1400,188320,0,1.0
1401,188320,0,0.0
1402,188320,0,0.0
1403,188320,6,0.0
1404,188320,6,0.0
1405,188320,4,0.0
1406,188320,6,1.0
1407,188320,7,0.0
1408,188320,0,0.0
1409,188320,0,0.0
1410,188320,0,0.0
1411,188320,6,0.0
1412,188320,7,1.0
1413,188320,6,0.0
1414,188320,5,0.0
1415,188320,5,0.0
1416,188320,0,1.0
1417,188320,0,1.0
1418,188320,0,1.0
1419,188320,0,0.0
1420,188320,0,1.0
1421,188320,0,0.0
1422,188320,5,0.0
1423,188320,4,1.0
1424,188320,5,0.0
1425,188320,6,1.0
1426,188320,6,0.0
1427,188320,7,0.0
1428,188320,6,0.0
1429,188320,6,0.0
1430,188320,4,0.0
1431,188320,5,1.0
1432,188320,6,1.0
1433,188320,0,0.0
1434,188320,0,1.0
1435,188320,0,0.0
1436,188320,0,0.0
1437,188320,0,0.0
1438,188320,0,1.0
1439,188320,6,1.0
1440,188320,6,1.0
1441,188320,6,0.0
1442,188320,5,0.0
1443,188320,5,1.0
1444,188320,6,1.0
1445,188320,6,0.0
1446,188320,5,0.0
1447,188320,5,0.0
1448,188320,0,1.0
1449,188320,0,1.0
1450,188320,0,1.0
1451,197120,4,0.0
1452,197120,5,0.0
1453,197120,4,0.0
1454,197120,6,0.0
1455,197120,4,0.0
1456,197120,6,0.0
1457,197120,0,0.0
1458,197120,0,0.0
1459,197120,6,0.0
1460,197120,4,0.0
1461,197120,6,0.0
1462,197120,6,1.0
1463,197120,0,0.0
1464,197120,0,1.0
1465,197120,0,0.0
1466,197120,0,0.0
1467,197120,0,0.0
1468,197120,6,0.0
1469,197120,7,0.0
1470,197120,8,0.0
1471,197120,6,0.0
1472,197120,7,0.0
1473,197120,0,0.0
1474,197120,0,0.0
1475,197120,0,0.0
1476,197120,0,0.0
1477,197120,5,0.0
1478,197120,7,0.0
1479,197120,6,0.0
1480,197120,6,0.0
1481,197120,5,1.0
1482,197120,5,0.0
1483,197120,6,0.0
1484,197120,5,1.0
1485,197120,5,1.0
1486,197120,6,1.0
1487,197120,7,0.0
1488,197120,6,1.0
1489,197120,6,0.0
1490,197120,6,0.0
1491,197120,7,0.0
1492,197120,7,0.0
1493,197120,4,1.0
1494,197120,7,0.0
1495,197120,4,0.0
1496,197120,4,1.0
1497,197120,6,1.0
1498,197120,6,0.0
1499,197120,7,1.0
1500,197120,5,0.0
1501,197120,6,0.0
1502,197120,6,0.0
1503,197120,6,0.0
1504,197120,6,1.0
1505,197120,5,1.0
1506,197120,5,1.0
1507,197120,5,1.0
1508,197120,0,0.0
1509,197120,0,1.0
1510,197120,0,1.0
1511,197120,6,0.0
1512,197120,0,1.0
1513,197120,0,0.0
1514,197120,6,1.0
1515,197120,7,0.0
1516,197120,6,0.0
1517,197120,6,0.0
1518,197120,5,1.0
1519,197120,6,1.0
1520,197120,6,1.0
1521,197120,0,0.0
1522,197120,0,0.0
1523,197120,0,1.0
1524,197120,0,0.0
1525,197120,0,0.0
1526,197120,0,0.0
1527,197120,0,0.0
1528,197120,0,0.0
1529,197120,0,1.0
1530,197120,0,0.0
1531,197120,0,0.0
1532,197120,0,1.0
1533,197120,5,1.0
1534,197120,7,1.0
1535,197120,7,0.0
1536,197120,0,0.0
1537,197120,0,1.0
1538,197120,6,0.0
1539,197120,7,0.0
1540,197120,0,1.0
1541,197120,0,0.0
1542,197120,0,1.0
1543,197120,0,0.0
1544,197120,0,0.0
1545,197120,0,0.0
1546,197120,7,0.0
1547,197120,6,0.0
1548,197120,0,0.0
1549,197120,0,0.0
1550,197120,0,1.0
1551,197120,0,0.0
1552,197120,0,0.0
1553,197120,0,1.0
1554,197120,0,1.0
1555,197120,0,0.0
1556,197120,0,1.0
1557,197120,5,1.0
1558,197120,7,0.0
1559,197120,5,1.0
1560,197120,6,0.0
1561,197120,6,0.0
1562,197120,5,0.0
1563,197120,4,0.0
1564,197120,7,1.0
1565,197120,6,1.0
1566,197120,5,0.0
1567,197120,4,0.0
1568,197120,5,1.0
1569,197120,5,1.0
1570,197120,0,1.0
1571,197120,0,0.0
1572,197120,0,0.0
1573,197120,0,1.0
1574,197120,0,1.0
1575,197120,0,0.0
1576,197120,0,0.0
1577,197120,8,1.0
1578,197120,8,1.0
1579,197120,7,1.0
1580,197120,6,1.0
1581,197120,7,0.0
1582,197120,6,0.0
1583,197120,6,1.0
1584,197120,5,1.0
1585,197120,4,0.0
1586,197120,6,0.0
1587,197120,6,1.0
1588,197120,0,1.0
1589,197120,0,0.0
1590,197120,0,1.0
1591,197120,0,0.0
1592,197120,6,0.0
1593,197120,6,0.0
1594,197120,4,0.0
1595,197120,0,0.0
1596,197120,0,0.0
1597,197120,7,0.0
1598,197120,5,1.0
1599,197120,5,1.0
1600,197120,6,0.0
1601,197120,5,0.0
1602,197120,6,1.0
1603,197120,5,1.0
1604,197120,0,0.0
1605,197120,5,0.0
1606,197120,8,1.0
1607,197120,8,1.0
1608,197120,7,1.0
1609,197120,0,0.0
1610,197120,0,0.0
1611,197120,0,0.0
1612,197120,0,1.0
1613,197120,0,0.0
1614,197120,0,1.0
1615,197120,0,0.0
1616,197120,0,0.0
1617,197120,0,0.0
1618,197120,0,1.0
1619,197120,0,0.0
1620,197120,0,0.0
1621,197120,0,0.0
1622,197120,0,0.0
1623,197120,6,0.0
1624,197120,0,0.0
1625,197120,0,0.0
1626,197120,6,1.0
1627,197120,6,0.0
1628,197120,6,1.0
1629,197120,4,0.0
1630,197120,2,0.0
1631,197120,0,1.0
1632,197120,0,0.0
1633,197120,0,0.0
1634,197120,6,1.0
1635,197120,6,1.0
1636,197120,5,0.0
1637,197120,4,0.0
1638,197120,5,1.0
1639,197120,6,1.0
1640,197120,6,0.0
1641,197120,6,1.0
1642,197120,6,1.0
1643,197120,4,1.0
1644,197120,0,1.0
1645,197120,0,0.0
1646,197120,0,1.0
1647,197120,0,1.0
1648,197120,0,0.0
1649,197120,0,0.0
1650,197120,6,1.0
1651,197120,6,0.0
1652,197120,6,0.0
1653,197120,4,0.0
1654,197120,7,0.0
1655,197120,7,1.0
1656,197120,6,1.0
1657,197120,6,1.0
1658,197120,6,1.0
1659,197120,7,0.0
1660,197120,5,1.0
1661,197120,6,1.0
1662,197120,7,1.0
1663,197120,0,0.0
1664,197120,0,1.0
1665,197120,0,1.0
1666,197120,0,0.0
1667,197120,0,0.0
1668,197120,0,0.0
1669,197120,0,0.0
1670,197120,0,1.0
1671,197120,6,0.0
1672,197120,5,0.0
1673,197120,4,1.0
1674,197120,7,1.0
1675,197120,6,1.0
1676,197120,6,0.0
1677,197120,7,1.0
1678,197120,6,0.0
1679,197120,6,1.0
1680,197120,5,0.0
1681,197120,5,1.0
1682,197120,5,0.0
1683,197120,5,1.0
1684,197120,6,1.0
1685,197120,6,0.0
1686,197120,6,0.0
1687,197120,4,0.0
1688,197120,6,1.0
1689,197120,6,0.0
1690,197120,5,0.0
1691,197120,5,1.0
1692,197120,5,0.0
1693,197120,6,1.0
1694,197120,0,1.0
1695,197120,0,0.0
1696,197120,0,1.0
1697,197120,0,1.0
1698,197120,5,1.0
1699,197120,8,0.0
1700,197120,7,1.0
1701,197120,6,0.0
1702,197120,7,0.0
1703,197120,7,1.0
1704,197120,7,1.0
1705,197120,6,0.0
1706,197120,0,0.0
1707,197120,0,0.0
1708,197120,0,0.0
1709,197120,0,1.0
1710,197120,0,1.0
1711,197120,0,0.0
1712,197120,0,0.0
1713,197120,0,0.0
1714,197120,5,0.0
1715,197120,6,1.0
1716,197120,6,0.0
1717,197120,4,1.0
1718,197120,6,0.0
1719,197120,6,0.0
1720,197120,6,0.0
1721,197120,6,0.0
1722,197120,5,1.0
1723,197120,5,1.0
1724,197120,0,0.0
1725,197120,0,0.0
1726,197120,0,1.0
1727,197120,0,1.0
1728,197120,0,1.0
1729,197120,0,1.0
1730,197120,0,0.0
1731,197120,0,0.0
1732,197120,6,0.0
1733,197120,8,0.0
1734,197120,7,0.0
1735,197120,6,0.0
1736,197120,6,0.0
1737,197120,4,0.0
1738,197120,5,1.0
1739,197120,6,0.0
1740,197120,0,0.0
1741,197120,7,0.0
1742,197120,4,0.0
1743,197120,5,1.0
1744,197120,5,0.0
1745,197120,5,0.0
1746,197120,6,0.0
1747,197120,5,0.0
1748,197120,5,1.0
1749,197120,0,0.0
1750,197120,0,1.0
1751,197120,0,1.0
1752,197120,0,0.0
1753,197120,0,1.0
1754,197120,0,0.0
1755,197120,0,1.0
1756,197120,0,0.0
1757,197120,0,0.0
1758,197120,5,0.0
1759,197120,4,0.0
1760,197120,5,1.0
1761,197120,7,0.0
1762,197120,5,1.0
1763,197120,5,0.0
1764,197120,0,1.0
1765,197120,0,0.0
1766,197120,0,0.0
1767,197120,0,0.0
1768,197120,0,0.0
1769,197120,0,0.0
1770,197120,0,1.0
1771,197120,0,1.0
1772,197120,6,0.0
1773,197120,6,0.0
1774,197120,5,0.0
1775,197120,6,1.0
1776,197120,6,0.0
1777,197120,0,1.0
1778,197120,0,1.0
1779,197120,0,0.0
1780,197120,6,1.0
1781,197120,5,1.0
1782,197120,7,1.0
1783,197120,8,1.0
1784,197120,5,0.0
1785,197120,4,1.0
1786,197120,4,0.0
1787,197120,0,1.0
1788,197120,0,0.0
1789,197120,0,0.0
1790,197120,0,0.0
1791,197120,0,0.0
1792,197120,0,1.0
1793,197120,0,0.0
1794,197120,0,0.0
1795,197120,0,0.0
1796,197120,0,1.0
1797,197120,0,0.0
1798,197120,6,0.0
1799,197120,0,0.0
1800,197120,0,1.0
1801,197120,0,0.0
1802,197120,0,1.0
1803,197120,7,0.0
1804,197120,6,1.0
1805,197120,8,0.0
1806,197120,0,1.0
1807,197120,0,0.0
1808,197120,0,1.0
1809,197120,0,0.0
1810,197120,0,0.0
1811,197120,0,0.0
1812,197120,6,0.0
1813,197120,6,1.0
1814,197120,6,0.0
1815,197120,0,0.0
1816,197120,0,0.0
1817,197120,0,1.0
1818,197120,0,1.0
1819,197120,0,0.0
1820,197120,0,0.0
1821,197120,0,0.0
1822,197120,0,1.0
1823,197120,0,1.0
1824,197120,5,0.0
1825,197120,7,1.0
1826,197120,6,1.0
1827,197120,6,1.0
1828,197120,5,1.0
1829,197120,5,0.0
1830,197120,5,0.0
1831,197120,6,1.0
1832,197120,0,0.0
1833,197120,4,0.0
1834,197120,5,0.0
1835,197120,6,0.0
1836,197120,8,1.0
1837,197120,7,1.0
1838,197120,7,0.0
1839,197120,0,1.0
1840,197120,0,1.0
1841,197120,0,0.0
1842,197120,0,0.0
1843,197120,7,1.0
1844,197120,6,0.0
1845,197120,6,0.0
1846,197120,0,0.0
1847,197120,0,1.0
1848,197120,0,0.0
1849,197120,0,0.0
1850,197120,0,1.0
1851,197120,0,1.0
1852,197120,0,1.0
1853,197120,0,0.0
1854,197120,0,1.0
1855,197120,0,1.0
1856,197120,0,0.0
1857,197120,5,0.0
1858,197120,6,0.0
1859,197120,6,0.0
1860,197120,7,0.0
1861,197120,6,1.0
1862,197120,6,1.0
1863,197120,6,0.0
1864,197120,6,1.0
1865,197120,5,1.0
1866,197120,6,0.0
1867,197120,6,1.0
1868,197120,6,1.0
1869,197120,5,0.0
1870,197120,6,1.0
1871,197120,5,0.0
1872,197120,6,1.0
1873,197120,6,0.0
1874,197120,5,0.0
1875,197120,6,0.0
1876,197120,0,0.0
1877,197120,0,1.0
1878,197120,0,0.0
1879,197120,0,0.0
1880,197120,0,0.0
1881,197120,0,0.0
1882,197120,0,1.0
1883,197120,0,1.0
1884,197120,6,1.0
1885,197120,5,0.0
1886,197120,0,0.0
1887,197120,0,0.0
1888,197120,5,0.0
1889,197120,4,0.0
1890,197120,6,1.0
1891,197120,8,0.0
1892,197120,0,0.0
1893,197120,4,1.0
1894,197120,4,1.0
1895,197120,5,1.0
1896,197120,4,1.0
1897,197120,0,1.0
1898,197120,0,1.0
1899,197120,5,0.0
1900,197120,8,1.0
1901,197120,7,0.0
1902,197120,8,0.0
1903,197120,8,1.0
1904,197120,5,0.0
1905,197120,0,1.0
1906,197120,0,0.0
1907,197120,0,0.0
1908,197120,4,0.0
1909,197120,5,1.0
1910,197120,0,1.0
1911,197120,0,1.0
1912,197120,0,1.0
1913,197120,0,1.0
1914,197120,0,0.0
1915,197120,0,0.0
1916,197120,0,1.0
1917,197120,0,0.0
1918,197120,0,0.0
1919,197120,0,1.0
1920,197120,0,0.0
1921,197120,0,0.0
1922,197120,0,1.0
1923,197120,0,0.0
1924,197120,0,1.0
1925,197120,8,0.0
1926,197120,5,1.0
1927,197120,8,0.0
1928,197120,6,0.0
1929,197120,6,0.0
1930,197120,0,0.0
1931,197120,4,0.0
1932,197120,4,1.0
1933,197120,4,0.0
1934,197120,5,1.0
1935,197120,0,1.0
1936,197120,7,1.0
1937,197120,6,0.0
1938,197120,0,0.0
1939,197120,0,0.0
1940,197120,0,0.0
1941,197120,0,0.0
1942,197120,0,0.0
1943,197120,6,0.0
1944,197120,5,0.0
1945,197120,6,1.0
1946,197120,5,0.0
1947,197120,6,0.0
1948,197120,7,1.0
1949,197120,7,0.0
1950,197120,5,1.0
1951,197120,6,1.0
1952,197120,5,1.0
1953,197120,6,0.0
1954,197120,5,1.0
1955,197120,5,0.0
1956,197120,0,0.0
1957,197120,0,0.0
1958,197120,0,0.0
1959,197120,0,1.0
1960,197120,0,0.0
1961,197120,0,0.0
1962,197120,0,1.0
1963,197120,0,0.0
1964,197120,0,1.0
1965,197120,0,1.0
1966,197120,0,1.0
1967,197120,4,0.0
1968,197120,5,0.0
1969,197120,6,1.0
1970,197120,6,1.0
1971,197120,5,1.0
1972,197120,4,0.0
1973,197120,4,1.0
1974,197120,5,0.0
1975,197120,4,1.0
1976,197120,6,0.0
1977,197120,7,1.0
1978,197120,7,0.0
1979,197120,5,0.0
1980,197120,5,0.0
1981,197120,6,1.0
1982,197120,6,1.0
1983,197120,0,0.0
1984,197120,0,0.0
1985,197120,0,1.0
1986,197120,0,1.0
1987,197120,0,0.0
1988,197120,0,0.0
1989,197120,0,0.0
1990,197120,8,0.0
1991,197120,6,0.0
1992,197120,6,0.0
1993,197120,5,0.0
1994,197120,6,1.0
1995,197120,6,0.0
1996,197120,6,0.0
1997,197120,8,0.0
1998,197120,8,0.0
1999,197120,6,0.0
2000,197120,7,0.0
2001,197120,6,0.0
2002,197120,0,0.0
2003,197120,0,0.0
2004,197120,0,0.0
2005,197120,0,0.0
2006,197120,0,1.0
2007,197120,6,1.0
2008,197120,5,0.0
2009,197120,6,1.0
2010,197120,6,1.0
2011,197120,4,0.0
2012,197120,0,1.0
2013,197120,0,1.0
2014,197120,0,0.0
2015,197120,0,1.0
2016,197120,0,0.0
2017,197120,5,1.0
2018,197120,5,0.0
2019,197120,4,1.0
2020,197120,6,0.0
2021,197120,6,0.0
2022,197120,6,0.0
2023,197120,7,1.0
2024,197120,6,1.0
2025,197120,5,1.0
2026,197120,6,1.0
2027,197120,6,1.0
2028,197120,4,1.0
2029,197120,5,0.0
2030,197120,6,0.0
2031,197120,4,0.0
2032,197120,5,1.0
2033,197120,7,0.0
2034,197120,4,1.0
2035,197120,0,0.0
2036,197120,0,0.0
2037,197120,0,0.0
2038,197120,0,0.0
2039,197120,0,1.0
2040,197120,6,1.0
2041,197120,7,0.0
2042,197120,5,0.0
2043,197120,4,1.0
2044,197120,7,1.0
2045,197120,6,0.0
2046,197120,5,0.0
2047,197120,0,1.0
2048,197120,0,1.0
2049,197120,0,0.0
2050,197120,0,0.0
2051,197120,0,1.0
2052,197120,5,0.0
2053,197120,6,0.0
2054,197120,6,1.0
2055,197120,5,0.0
2056,197120,6,0.0
2057,197120,6,0.0
2058,197120,5,1.0
2059,197120,6,1.0
2060,197120,0,0.0
2061,197120,0,0.0
2062,197120,0,0.0
2063,197120,0,0.0
2064,197120,4,0.0
2065,197120,6,0.0
2066,197120,6,1.0
2067,197120,5,1.0
2068,197120,6,0.0
2069,197120,4,0.0
2070,197120,0,0.0
2071,197120,0,0.0
2072,197120,0,0.0
2073,197120,0,1.0
2074,197120,0,0.0
2075,197120,0,0.0
2076,197120,6,0.0
2077,197120,4,0.0
2078,197120,4,1.0
2079,197120,6,0.0
2080,197120,6,0.0
2081,197120,7,0.0
2082,197120,5,0.0
2083,197120,6,0.0
2084,197120,6,1.0
2085,197120,4,1.0
2086,197120,4,0.0
2087,197120,7,0.0
2088,197120,6,0.0
2089,197120,7,1.0
2090,197120,0,0.0
2091,197120,0,0.0
2092,197120,0,0.0
2093,197120,0,1.0
2094,197120,5,0.0
2095,197120,5,0.0
2096,197120,4,1.0
2097,197120,6,0.0
2098,197120,7,1.0
2099,197120,0,0.0
2100,197120,0,0.0
2101,197120,0,1.0
2102,197120,4,0.0
2103,197120,3,0.0
2104,197120,6,0.0
2105,197120,0,0.0
2106,197120,0,1.0
2107,197120,6,0.0
2108,197120,0,1.0
2109,197120,0,0.0
2110,197120,0,0.0
2111,197120,6,0.0
2112,197120,5,1.0
2113,197120,6,1.0
2114,197120,5,0.0
2115,197120,7,1.0
2116,197120,5,1.0
2117,197120,0,1.0
2118,197120,0,0.0
2119,197120,0,1.0
2120,197120,0,0.0
2121,197120,0,1.0
2122,197120,0,1.0
2123,197120,0,0.0
2124,197120,0,1.0
2125,197120,0,0.0
2126,197120,0,0.0
2127,197120,0,1.0
2128,197120,6,0.0
2129,197120,4,0.0
2130,197120,3,0.0
2131,197120,6,0.0
2132,197120,7,0.0
2133,197120,5,0.0
2134,197120,6,0.0
2135,197120,7,0.0
2136,197120,5,0.0
2137,197120,0,1.0
2138,197120,0,0.0
2139,197120,0,0.0
2140,197120,0,0.0
2141,197120,0,0.0
2142,197120,0,0.0
2143,197120,0,0.0
2144,197120,0,1.0
2145,197120,0,0.0
2146,197120,0,0.0
2147,197120,0,0.0
2148,197120,0,0.0
2149,197120,0,0.0
2150,197120,6,1.0
2151,197120,0,0.0
2152,197120,0,1.0
2153,197120,0,0.0
2154,197120,0,0.0
2155,197120,0,0.0
2156,197120,0,0.0
2157,197120,0,1.0
2158,197120,0,0.0
2159,197120,0,0.0
2160,197120,0,0.0
2161,197120,0,1.0
2162,197120,0,0.0
2163,197120,6,0.0
2164,197120,8,0.0
2165,197120,6,0.0
2166,197120,7,0.0
2167,197120,0,0.0
2168,197120,0,1.0
2169,197120,0,0.0
2170,197120,0,0.0
2171,197120,0,1.0
2172,197120,0,0.0
2173,197120,5,1.0
2174,197120,7,1.0
2175,197120,6,1.0
2176,197120,0,0.0
2177,197120,0,0.0
2178,197120,0,1.0
2179,197120,5,0.0
2180,197120,6,1.0
2181,197120,7,0.0
2182,197120,6,1.0
2183,197120,6,0.0
2184,197120,6,1.0
2185,197120,6,1.0
2186,197120,6,0.0
2187,197120,6,1.0
2188,197120,4,0.0
2189,197120,6,0.0
2190,197120,6,0.0
2191,197120,5,0.0
2192,197120,0,0.0
2193,197120,0,0.0
2194,197120,0,1.0
2195,197120,0,1.0
2196,197120,0,0.0
2197,197120,5,0.0
2198,197120,7,1.0
2199,197120,7,0.0
2200,197120,5,1.0
2201,197120,7,1.0
2202,197120,0,0.0
2203,197120,0,1.0
2204,197120,0,1.0
2205,197120,4,1.0
2206,197120,7,0.0
2207,197120,4,0.0
2208,197120,6,1.0
2209,197120,5,0.0
2210,197120,6,0.0
2211,197120,6,0.0
2212,197120,6,0.0
2213,197120,6,0.0
2214,197120,0,1.0
2215,197120,0,1.0
2216,197120,6,1.0
2217,197120,7,0.0
2218,197120,6,1.0
2219,197120,0,0.0
2220,197120,0,0.0
2221,197120,0,1.0
2222,197120,0,1.0
2223,197120,0,1.0
2224,197120,0,0.0
2225,197120,0,0.0
2226,197120,0,0.0
2227,197120,0,1.0
2228,197120,0,0.0
2229,197120,0,0.0
2230,197120,0,0.0
2231,197120,5,1.0
2232,197120,6,0.0
2233,197120,5,0.0
2234,197120,5,1.0
2235,197120,0,1.0
2236,197120,0,0.0
2237,197120,0,0.0
2238,197120,0,0.0
2239,197120,0,1.0
2240,197120,5,0.0
2241,197120,6,0.0
2242,197120,5,1.0
2243,197120,6,1.0
2244,197120,6,0.0
2245,197120,5,1.0
2246,197120,8,0.0
2247,197120,7,0.0
2248,197120,7,1.0
2249,197120,7,0.0
2250,197120,0,1.0
2251,197120,0,0.0
2252,197120,0,1.0
2253,197120,0,1.0
2254,197120,6,1.0
2255,197120,0,0.0
2256,197120,0,0.0
2257,197120,0,1.0
2258,197120,0,0.0
2259,197120,0,1.0
2260,197120,0,0.0
2261,197120,5,0.0
2262,197120,7,0.0
2263,197120,0,1.0
2264,197120,0,0.0
2265,197120,0,1.0
2266,197120,0,0.0
2267,197120,0,0.0
2268,197120,7,0.0
2269,197120,6,0.0
2270,197120,5,0.0
2271,197120,5,1.0
2272,197120,0,1.0
2273,197120,0,0.0
2274,197120,0,0.0
2275,197120,0,0.0
2276,197120,0,1.0
2277,197120,0,1.0
2278,197120,0,0.0
2279,197120,0,0.0
2280,197120,0,1.0
2281,197120,0,1.0
2282,197120,0,0.0
2283,197120,0,1.0
2284,197120,0,0.0
2285,197120,0,1.0
2286,197120,3,0.0
2287,197120,3,0.0
2288,197120,5,1.0
2289,197120,5,0.0
2290,197120,0,0.0
2291,197120,0,0.0
2292,197120,0,0.0
2293,197120,0,0.0
2294,197120,5,1.0
2295,197120,6,0.0
2296,197120,6,1.0
2297,197120,7,0.0
2298,197120,6,0.0
2299,197120,5,1.0
2300,197120,4,1.0
2301,197120,6,1.0
2302,197120,5,1.0
2303,197120,5,0.0
2304,197120,4,0.0
2305,197120,6,1.0
2306,197120,0,0.0
2307,197120,0,0.0
2308,197120,0,1.0
2309,197120,0,0.0
2310,197120,0,0.0
2311,197120,0,0.0
2312,197120,0,0.0
2313,197120,5,0.0
2314,197120,5,1.0
2315,197120,5,0.0
2316,197120,5,0.0
2317,197120,6,0.0
2318,197120,4,1.0
2319,197120,5,0.0
2320,197120,6,0.0
2321,197120,0,1.0
2322,197120,0,0.0
2323,197120,0,1.0
2324,197120,5,1.0
2325,197120,6,0.0
2326,197120,6,0.0
2327,197120,7,1.0
2328,197120,7,0.0
2329,197120,6,0.0
2330,197120,6,1.0
2331,197120,7,1.0
2332,197120,5,0.0
2333,197120,6,0.0
2334,197120,0,0.0
2335,197120,0,1.0
2336,197120,0,0.0
2337,197120,6,0.0
2338,197120,6,1.0
2339,197120,6,1.0
2340,197120,6,0.0
2341,197120,5,1.0
2342,197120,6,0.0
2343,197120,5,0.0
2344,197120,6,0.0
2345,197120,7,1.0
2346,197120,5,0.0
2347,197120,0,1.0
2348,197120,0,0.0
2349,197120,0,0.0
2350,197120,0,1.0
2351,197120,6,0.0
2352,197120,0,1.0
2353,197120,0,1.0
2354,197120,0,1.0
2355,197120,0,0.0
2356,197120,0,1.0
2357,197120,0,1.0
2358,197120,0,0.0
2359,197120,6,1.0
2360,197120,3,1.0
2361,197120,5,1.0
2362,197120,7,0.0
2363,197120,7,0.0
2364,197120,6,1.0
2365,197120,6,0.0
2366,197120,6,1.0
2367,197120,0,0.0
2368,197120,0,1.0
2369,197120,0,0.0
2370,197120,0,0.0
2371,197120,0,1.0
2372,197120,6,0.0
2373,197120,8,1.0
2374,197120,7,1.0
2375,197120,6,1.0
2376,197120,6,0.0
2377,197120,6,1.0
2378,197120,0,0.0
2379,197120,0,1.0
2380,197120,0,1.0
2381,197120,0,1.0
2382,197120,0,0.0
2383,197120,0,1.0
2384,197120,0,0.0
2385,197120,0,0.0
2386,197120,0,0.0
2387,197120,5,0.0
2388,197120,8,1.0
2389,197120,6,1.0
2390,197120,0,0.0
2391,197120,0,0.0
2392,197120,0,1.0
2393,197120,0,0.0
2394,197120,0,1.0
2395,197120,7,0.0
2396,197120,6,1.0
2397,197120,0,0.0
2398,197120,0,0.0
2399,197120,5,0.0
2400,197120,5,0.0
2401,197120,6,0.0
2402,197120,5,0.0
2403,197120,0,0.0
2404,197120,0,0.0
2405,197120,6,0.0
2406,197120,0,1.0
2407,197120,0,1.0
2408,197120,5,1.0
2409,197120,6,0.0
2410,197120,5,1.0
2411,197120,5,1.0
2412,197120,0,0.0
2413,197120,0,0.0
2414,197120,6,0.0
2415,197120,6,1.0
2416,197120,6,0.0
2417,197120,5,0.0
2418,197120,5,0.0
2419,197120,0,0.0
2420,197120,0,0.0
2421,197120,0,0.0
2422,197120,0,0.0
2423,197120,0,0.0
2424,197120,0,0.0
2425,197120,0,1.0
2426,197120,0,0.0
2427,197120,0,1.0
2428,197120,0,0.0
2429,197120,0,1.0
2430,197120,0,0.0
2431,197120,0,0.0
2432,197120,6,0.0
2433,197120,5,0.0
2434,197120,0,0.0
2435,197120,6,1.0
2436,197120,5,1.0
2437,197120,5,1.0
2438,197120,6,0.0
2439,197120,6,1.0
2440,197120,0,0.0
2441,197120,0,1.0
2442,197120,0,0.0
2443,197120,0,1.0
2444,197120,0,1.0
2445,197120,6,1.0
2446,197120,5,1.0
2447,197120,5,0.0
2448,197120,5,0.0
2449,197120,0,0.0
2450,197120,0,1.0
2451,197120,0,1.0
2452,197120,0,0.0
2453,197120,0,0.0
2454,197120,0,0.0
2455,197120,0,0.0
2456,197120,0,1.0
2457,197120,0,0.0
2458,197120,0,1.0
2459,197120,0,1.0
2460,197120,0,0.0
2461,197120,0,0.0
2462,197120,0,1.0
2463,197120,0,1.0
2464,197120,0,0.0
2465,197120,7,0.0
2466,197120,5,0.0
2467,197120,7,1.0
2468,197120,6,0.0
2469,197120,5,1.0
2470,197120,4,1.0
2471,197120,6,0.0
2472,197120,4,0.0
2473,197120,0,1.0
2474,197120,0,1.0
2475,197120,5,0.0
2476,197120,5,0.0
2477,197120,5,0.0
2478,197120,4,0.0
2479,197120,5,1.0
2480,197120,4,0.0
2481,197120,6,1.0
2482,197120,6,0.0
2483,197120,5,0.0
2484,197120,8,1.0
2485,197120,5,0.0
2486,197120,6,0.0
2487,197120,6,0.0
2488,197120,6,0.0
2489,197120,7,0.0
2490,197120,6,0.0
2491,197120,6,1.0
2492,197120,0,1.0
2493,197120,0,0.0
2494,197120,0,1.0
2495,197120,0,1.0
2496,197120,0,0.0
2497,197120,0,1.0
2498,197120,0,0.0
2499,197120,0,0.0
2500,197120,0,0.0
2501,197120,0,1.0
2502,197120,0,0.0
2503,197120,5,0.0
2504,197120,7,0.0
2505,197120,5,0.0
2506,197120,6,0.0
2507,197120,6,0.0
2508,197120,0,0.0
2509,197120,0,0.0
2510,197120,0,0.0
2511,197120,0,1.0
2512,197120,0,1.0
2513,197120,4,0.0
2514,197120,6,1.0
2515,197120,6,1.0
2516,197120,5,0.0
2517,197120,7,0.0
2518,197120,6,0.0
2519,197120,7,1.0
2520,197120,7,0.0
2521,197120,7,1.0
2522,197120,5,0.0
2523,197120,6,0.0
2524,197120,5,0.0
2525,197120,6,0.0
2526,197120,0,0.0
2527,197120,0,0.0
2528,197120,0,0.0
2529,197120,0,0.0
2530,197120,0,1.0
2531,197120,6,1.0
2532,197120,0,0.0
2533,197120,0,0.0
2534,197120,0,1.0
2535,197120,0,0.0
2536,197120,0,0.0
2537,197120,6,1.0
2538,197120,6,0.0
2539,197120,5,0.0
2540,197120,4,1.0
2541,197120,6,1.0
2542,197120,0,0.0
2543,197120,0,1.0
2544,197120,0,0.0
2545,197120,0,0.0
2546,197120,0,0.0
2547,197120,0,0.0
2548,197120,0,0.0
2549,197120,0,0.0
2550,197120,5,0.0
2551,197120,6,1.0
2552,197120,0,0.0
2553,197120,7,0.0
2554,197120,0,0.0
2555,197120,0,0.0
2556,197120,0,0.0
2557,197120,0,1.0
2558,197120,7,0.0
2559,197120,6,1.0
2560,197120,0,1.0
2561,197120,0,0.0
2562,197120,0,0.0
2563,197120,6,1.0
2564,197120,5,1.0
2565,197120,5,0.0
2566,197120,5,1.0
2567,197120,5,0.0
2568,197120,6,0.0
2569,197120,5,0.0
2570,197120,7,0.0
2571,197120,0,1.0
2572,197120,7,1.0
2573,197120,7,0.0
2574,197120,5,0.0
2575,197120,8,1.0
2576,197120,6,0.0
2577,197120,4,0.0
2578,197120,4,0.0
2579,197120,7,0.0
2580,197120,0,1.0
2581,197120,0,0.0
2582,197120,5,1.0
2583,197120,7,1.0
2584,197120,7,0.0
2585,197120,6,0.0
2586,197120,0,1.0
2587,197120,0,1.0
2588,197120,0,0.0
2589,197120,0,0.0
2590,197120,0,0.0
2591,197120,0,0.0
2592,197120,0,0.0
2593,197120,0,0.0
2594,197120,0,0.0
2595,197120,5,0.0
2596,197120,6,1.0
2597,197120,5,0.0
2598,197120,0,1.0
2599,197120,0,1.0
2600,197120,0,0.0
2601,197120,0,0.0
2602,197120,0,0.0
2603,197120,0,0.0
2604,197120,0,1.0
2605,197120,0,0.0
2606,197120,6,0.0
2607,197120,0,1.0
2608,197120,0,1.0
2609,197120,6,0.0
2610,197120,6,0.0
2611,197120,5,0.0
2612,197120,0,0.0
2613,197120,0,1.0
2614,197120,0,0.0
2615,197120,0,1.0
2616,197120,7,1.0
2617,197120,4,0.0
2618,197120,6,0.0
2619,197120,6,0.0
2620,197120,5,0.0
2621,197120,6,0.0
2622,197120,5,0.0
2623,197120,0,1.0
2624,197120,0,0.0
2625,197120,5,0.0
2626,197120,6,1.0
2627,197120,6,1.0
2628,197120,5,0.0
2629,197120,6,0.0
2630,197120,5,0.0
2631,197120,0,0.0
2632,197120,0,0.0
2633,197120,0,0.0
2634,197120,0,0.0
2635,197120,0,0.0
2636,197120,0,0.0
2637,197120,0,0.0
2638,197120,0,0.0
2639,197120,0,0.0
2640,197120,0,1.0
2641,197120,5,1.0
2642,197120,6,0.0
2643,197120,7,0.0
2644,197120,6,0.0
2645,197120,6,0.0
2646,197120,6,0.0
2647,197120,5,0.0
2648,197120,6,1.0
2649,197120,7,0.0
2650,197120,0,0.0
2651,197120,0,1.0
2652,197120,0,1.0
2653,197120,0,1.0
2654,197120,6,0.0
2655,197120,7,1.0
2656,197120,6,0.0
2657,197120,6,1.0
2658,197120,6,1.0
2659,197120,6,1.0
2660,197120,6,0.0
2661,197120,4,0.0
2662,197120,6,1.0
2663,197120,0,0.0
2664,197120,0,0.0
2665,197120,0,0.0
2666,197120,0,0.0
2667,197120,5,0.0
2668,197120,7,0.0
2669,197120,7,0.0
2670,197120,5,0.0
2671,197120,7,0.0
2672,197120,0,0.0
2673,197120,0,0.0
2674,197120,0,0.0
2675,197120,0,0.0
2676,197120,0,1.0
2677,197120,0,1.0
2678,197120,0,0.0
2679,197120,7,0.0
2680,197120,6,0.0
2681,197120,6,0.0
2682,197120,6,0.0
2683,197120,5,1.0
2684,197120,5,1.0
2685,197120,7,0.0
2686,197120,5,0.0
2687,197120,3,1.0
2688,197120,6,0.0
2689,197120,7,1.0
2690,197120,5,1.0
2691,197120,6,0.0
2692,197120,7,0.0
2693,197120,6,0.0
2694,197120,5,1.0
2695,197120,5,0.0
2696,197120,5,0.0
2697,197120,4,0.0
2698,197120,7,0.0
2699,197120,0,0.0
2700,197120,0,1.0
2701,197120,0,0.0
2702,197120,0,0.0
2703,197120,0,0.0
2704,197120,7,1.0
2705,197120,6,1.0
2706,197120,0,0.0
2707,197120,0,0.0
2708,197120,0,0.0
2709,197120,0,1.0
2710,197120,0,0.0
2711,197120,7,1.0
2712,197120,6,0.0
2713,197120,5,0.0
2714,197120,6,1.0
2715,197120,6,1.0
2716,197120,0,0.0
2717,197120,0,1.0
2718,197120,0,0.0
2719,197120,0,1.0
2720,197120,0,0.0
2721,197120,0,0.0
2722,197120,0,0.0
2723,197120,0,1.0
2724,197120,6,0.0
2725,197120,6,0.0
2726,197120,6,0.0
2727,197120,6,0.0
2728,197120,6,0.0
2729,197120,7,0.0
2730,197120,4,0.0
2731,197120,0,0.0
2732,197120,6,0.0
2733,197120,6,0.0
2734,197120,5,1.0
2735,197120,7,0.0
2736,197120,0,1.0
2737,197120,0,1.0
2738,197120,0,0.0
2739,197120,0,1.0
2740,197120,0,0.0
2741,197120,0,0.0
2742,197120,0,0.0
2743,197120,0,0.0
2744,197120,0,1.0
2745,197120,6,0.0
2746,197120,5,1.0
2747,197120,6,1.0
2748,197120,6,0.0
2749,197120,7,0.0
2750,197120,6,1.0
2751,197120,7,0.0
2752,197120,7,0.0
2753,197120,8,0.0
2754,197120,6,1.0
2755,197120,7,0.0
2756,197120,4,1.0
2757,197120,6,1.0
2758,197120,0,0.0
2759,197120,0,0.0
2760,197120,6,1.0
2761,197120,5,1.0
2762,197120,3,0.0
2763,197120,0,0.0
2764,197120,0,1.0
2765,197120,0,0.0
2766,197120,5,1.0
2767,197120,5,0.0
2768,197120,5,0.0
2769,197120,5,1.0
2770,197120,6,0.0
2771,197120,6,1.0
2772,197120,5,1.0
2773,197120,0,0.0
2774,197120,0,0.0
2775,197120,0,0.0
2776,197120,0,1.0
2777,197120,0,1.0
2778,197120,7,0.0
2779,197120,7,1.0
2780,197120,4,0.0
2781,197120,6,0.0
2782,197120,5,0.0
2783,197120,5,0.0
2784,197120,6,1.0
2785,197120,5,0.0
2786,197120,0,1.0
2787,197120,0,1.0
2788,197120,0,0.0
2789,197120,4,0.0
2790,197120,5,0.0
2791,197120,6,0.0
2792,197120,8,1.0
2793,197120,8,0.0
2794,197120,0,0.0
2795,197120,0,1.0
2796,197120,0,1.0
2797,197120,0,0.0
2798,197120,0,0.0
2799,197120,6,0.0
2800,197120,7,0.0
2801,197120,7,1.0
2802,197120,7,0.0
2803,197120,5,1.0
2804,197120,6,1.0
2805,197120,5,0.0
2806,197120,6,0.0
2807,197120,5,0.0
2808,197120,4,1.0
2809,197120,5,0.0
2810,197120,0,0.0
2811,197120,0,0.0
2812,197120,0,0.0
2813,197120,0,1.0
2814,197120,0,0.0
2815,197120,4,1.0
2816,197120,4,0.0
2817,197120,5,0.0
2818,197120,3,1.0
2819,197120,5,0.0
2820,197120,0,0.0
2821,197120,0,1.0
2822,197120,0,0.0
2823,197120,0,0.0
2824,197120,0,0.0
2825,197120,0,0.0
2826,197120,0,0.0
2827,197120,5,0.0
2828,197120,5,0.0
2829,197120,6,1.0
2830,197120,0,0.0
2831,197120,0,0.0
2832,197120,0,1.0
2833,197120,4,1.0
2834,197120,5,0.0
2835,197120,3,0.0
2836,197120,4,0.0
2837,197120,6,0.0
2838,197120,5,1.0
2839,197120,4,0.0
2840,197120,6,1.0
2841,197120,5,1.0
2842,197120,6,0.0
2843,197120,5,0.0
2844,197120,6,1.0
2845,197120,5,1.0
2846,197120,5,0.0
2847,197120,5,1.0
2848,197120,0,1.0
2849,197120,0,0.0
2850,197120,0,1.0
2851,197120,0,1.0
2852,197120,0,1.0
2853,197120,0,0.0
2854,197120,0,1.0
2855,197120,0,1.0
2856,197120,0,1.0
2857,197120,0,1.0
2858,197120,0,0.0
2859,197120,0,1.0
2860,197120,0,0.0
2861,197120,0,1.0
2862,197120,0,1.0
2863,197120,0,1.0
2864,197120,0,0.0
2865,197120,6,0.0
2866,197120,8,1.0
2867,197120,6,0.0
2868,197120,7,0.0
2869,197120,5,1.0
2870,197120,6,0.0
2871,197120,7,0.0
2872,197120,6,0.0
2873,197120,6,0.0
2874,197120,5,1.0
2875,197120,5,0.0
2876,197120,6,1.0
2877,197120,6,0.0
2878,197120,5,1.0
2879,197120,7,0.0
2880,197120,6,0.0
2881,197120,5,1.0
2882,197120,5,0.0
2883,197120,7,0.0
2884,197120,5,1.0
2885,197120,5,0.0
2886,197120,0,0.0
2887,197120,0,0.0
2888,197120,0,1.0
2889,197120,0,1.0
2890,197120,5,1.0
2891,197120,6,0.0
2892,197120,7,1.0
2893,197120,6,0.0
2894,197120,5,1.0
2895,197120,6,0.0
2896,197120,6,1.0
2897,197120,0,0.0
2898,197120,0,0.0
2899,197120,0,0.0
2900,197120,0,0.0
2901,197120,0,1.0
2902,197120,5,0.0
2903,197120,7,0.0
2904,197120,7,0.0
2905,197120,0,0.0
2906,197120,0,0.0
2907,197120,0,1.0
2908,197120,0,1.0
2909,197120,6,1.0
2910,197120,6,1.0
2911,197120,7,0.0
2912,197120,7,1.0
2913,197120,5,0.0
2914,197120,7,0.0
2915,197120,5,1.0
2916,197120,6,0.0
2917,197120,0,0.0
2918,197120,0,1.0
2919,197120,0,0.0
2920,197120,0,0.0
2921,197120,0,0.0
2922,197120,0,0.0
2923,197120,0,0.0
2924,197120,0,0.0
2925,197120,0,1.0
2926,197120,6,0.0
2927,197120,4,1.0
2928,197120,6,0.0
2929,197120,6,0.0
2930,197120,6,1.0
2931,197120,6,0.0
2932,197120,7,0.0
2933,197120,6,1.0
2934,197120,6,0.0
2935,197120,7,0.0
2936,197120,5,0.0
2937,197120,6,0.0
2938,197120,6,1.0
2939,197120,6,0.0
2940,197120,0,0.0
2941,197120,0,0.0
2942,197120,0,0.0
2943,197120,0,1.0
2944,197120,0,1.0
2945,197120,0,0.0
2946,197120,6,1.0
2947,197120,5,1.0
2948,197120,5,0.0
2949,197120,6,1.0
2950,197120,6,0.0
2951,197120,5,0.0
2952,197120,6,0.0
2953,197120,3,0.0
2954,197120,0,0.0
2955,197120,0,1.0
2956,197120,0,1.0
2957,197120,0,0.0
